Entity,Code,Year,Annual COâ‚‚ emissions from land-use change
Afghanistan,AFG,2010,151469.77
Afghanistan,AFG,2011,92809.12
Afghanistan,AFG,2012,49793.758
Afghanistan,AFG,2013,-18686.4
Afghanistan,AFG,2014,-45396.96
Afghanistan,AFG,2015,133186.4
Afghanistan,AFG,2016,201410.08
Afghanistan,AFG,2017,4895470.5
Afghanistan,AFG,2018,2705864
Afghanistan,AFG,2019,8918323
Afghanistan,AFG,2020,5227099
Africa,,2010,2182283500
Africa,,2011,2238864100
Africa,,2012,2156030200
Africa,,2013,2018521100
Africa,,2014,1830961800
Africa,,2015,1663414400
Africa,,2016,1672481500
Africa,,2017,1876438400
Africa,,2018,1478668400
Africa,,2019,1347407500
Africa,,2020,1213014000
Albania,ALB,2010,615478.75
Albania,ALB,2011,710669.44
Albania,ALB,2012,615845.1
Albania,ALB,2013,494896.47
Albania,ALB,2014,536336.4
Albania,ALB,2015,1079231.2
Albania,ALB,2016,548061.1
Albania,ALB,2017,624052.5
Albania,ALB,2018,528019
Albania,ALB,2019,225958.89
Albania,ALB,2020,-64303.203
Algeria,DZA,2010,3222561.2
Algeria,DZA,2011,2725026.8
Algeria,DZA,2012,2514676.5
Algeria,DZA,2013,3155730
Algeria,DZA,2014,2454550.2
Algeria,DZA,2015,2114604.5
Algeria,DZA,2016,2409153.2
Algeria,DZA,2017,2471331.2
Algeria,DZA,2018,3781028
Algeria,DZA,2019,2491886.5
Algeria,DZA,2020,1889781.4
Andorra,AND,2010,806.08
Andorra,AND,2011,-2271.68
Andorra,AND,2012,-3590.72
Andorra,AND,2013,-3151.0398
Andorra,AND,2014,-4103.68
Andorra,AND,2015,-4580
Andorra,AND,2016,-4140.32
Andorra,AND,2017,-4873.12
Andorra,AND,2018,-7364.6396
Andorra,AND,2019,-8244
Andorra,AND,2020,-9013.44
Angola,AGO,2010,141802260
Angola,AGO,2011,110920424
Angola,AGO,2012,101898730
Angola,AGO,2013,104152200
Angola,AGO,2014,95716540
Angola,AGO,2015,104806520
Angola,AGO,2016,85970600
Angola,AGO,2017,82053850
Angola,AGO,2018,69313350
Angola,AGO,2019,56108590
Angola,AGO,2020,47942820
Antigua and Barbuda,ATG,2010,-51589.12
Antigua and Barbuda,ATG,2011,-51002.88
Antigua and Barbuda,ATG,2012,-46532.8
Antigua and Barbuda,ATG,2013,-26014.4
Antigua and Barbuda,ATG,2014,-39900.957
Antigua and Barbuda,ATG,2015,-42245.918
Antigua and Barbuda,ATG,2016,-40010.883
Antigua and Barbuda,ATG,2017,-19968.8
Antigua and Barbuda,ATG,2018,-34185.12
Antigua and Barbuda,ATG,2019,-36823.2
Antigua and Barbuda,ATG,2020,-36896.48
Argentina,ARG,2010,236178860
Argentina,ARG,2011,225430270
Argentina,ARG,2012,146876670
Argentina,ARG,2013,106976344
Argentina,ARG,2014,159485340
Argentina,ARG,2015,106075910
Argentina,ARG,2016,96770900
Argentina,ARG,2017,75040776
Argentina,ARG,2018,103419656
Argentina,ARG,2019,159723300
Argentina,ARG,2020,119228390
Armenia,ARM,2010,1297056
Armenia,ARM,2011,1080733.4
Armenia,ARM,2012,992614.25
Armenia,ARM,2013,756139.7
Armenia,ARM,2014,594740.5
Armenia,ARM,2015,608663.6
Armenia,ARM,2016,535237.1
Armenia,ARM,2017,418868.5
Armenia,ARM,2018,311440
Armenia,ARM,2019,192982.88
Armenia,ARM,2020,135238.25
Asia,,2010,1584671500
Asia,,2011,1721492600
Asia,,2012,1766504300
Asia,,2013,1757212400
Asia,,2014,2080859900
Asia,,2015,2279707100
Asia,,2016,1273143400
Asia,,2017,1052032830
Asia,,2018,1034328960
Asia,,2019,1116171500
Asia,,2020,652655100
Asia (excl. China and India),,2010,1508958000
Asia (excl. China and India),,2011,1606455900
Asia (excl. China and India),,2012,1590867300
Asia (excl. China and India),,2013,1521676900
Asia (excl. China and India),,2014,2117762200
Asia (excl. China and India),,2015,2180822000
Asia (excl. China and India),,2016,1294978400
Asia (excl. China and India),,2017,1153037000
Asia (excl. China and India),,2018,1106406100
Asia (excl. China and India),,2019,1289282700
Asia (excl. China and India),,2020,865694900
Australia,AUS,2010,524261500
Australia,AUS,2011,267530930
Australia,AUS,2012,157590620
Australia,AUS,2013,158447600
Australia,AUS,2014,83054456
Australia,AUS,2015,35433772
Australia,AUS,2016,89629790
Australia,AUS,2017,83406856
Australia,AUS,2018,48490400
Australia,AUS,2019,37876856
Australia,AUS,2020,85574664
Austria,AUT,2010,-1351393.1
Austria,AUT,2011,-1173469.2
Austria,AUT,2012,-1355167
Austria,AUT,2013,-1005951.2
Austria,AUT,2014,-1094253.6
Austria,AUT,2015,-1734354.4
Austria,AUT,2016,-2010436.8
Austria,AUT,2017,-1779128.5
Austria,AUT,2018,-1531368.9
Austria,AUT,2019,-1897659
Austria,AUT,2020,-2027327.8
Azerbaijan,AZE,2010,2095478.4
Azerbaijan,AZE,2011,2428719
Azerbaijan,AZE,2012,3657771.2
Azerbaijan,AZE,2013,2726345.8
Azerbaijan,AZE,2014,2875580.5
Azerbaijan,AZE,2015,5494791
Azerbaijan,AZE,2016,9132630
Azerbaijan,AZE,2017,5770580
Azerbaijan,AZE,2018,4700619
Azerbaijan,AZE,2019,3611678
Azerbaijan,AZE,2020,3159833.5
Bahamas,BHS,2010,169166.88
Bahamas,BHS,2011,34478.242
Bahamas,BHS,2012,1648.7999
Bahamas,BHS,2013,-3151.0398
Bahamas,BHS,2014,-20664.96
Bahamas,BHS,2015,-25757.92
Bahamas,BHS,2016,-27150.24
Bahamas,BHS,2017,-22130.56
Bahamas,BHS,2018,-27773.12
Bahamas,BHS,2019,-28652.48
Bahamas,BHS,2020,-28432.64
Bahrain,BHR,2010,36.64
Bahrain,BHR,2011,36.64
Bahrain,BHR,2012,36.64
Bahrain,BHR,2013,36.64
Bahrain,BHR,2014,0
Bahrain,BHR,2015,0
Bahrain,BHR,2016,0
Bahrain,BHR,2017,36.64
Bahrain,BHR,2018,36.64
Bahrain,BHR,2019,36.64
Bahrain,BHR,2020,36.64
Bangladesh,BGD,2010,3303462.5
Bangladesh,BGD,2011,5054744.5
Bangladesh,BGD,2012,11440217
Bangladesh,BGD,2013,10410707
Bangladesh,BGD,2014,11329748
Bangladesh,BGD,2015,12955794
Bangladesh,BGD,2016,12223727
Bangladesh,BGD,2017,12511864
Bangladesh,BGD,2018,17809128
Bangladesh,BGD,2019,16403472
Bangladesh,BGD,2020,17866104
Barbados,BRB,2010,-73609.766
Barbados,BRB,2011,-100320.32
Barbados,BRB,2012,-107831.52
Barbados,BRB,2013,-114793.125
Barbados,BRB,2014,-137180.16
Barbados,BRB,2015,-157222.23
Barbados,BRB,2016,-136703.84
Barbados,BRB,2017,-122414.24
Barbados,BRB,2018,-110945.92
Barbados,BRB,2019,-28505.92
Barbados,BRB,2020,-61738.402
Belarus,BLR,2010,3880102.8
Belarus,BLR,2011,2607888.5
Belarus,BLR,2012,2700514.5
Belarus,BLR,2013,3704377
Belarus,BLR,2014,2833701
Belarus,BLR,2015,3518429.2
Belarus,BLR,2016,3795134.5
Belarus,BLR,2017,3113850.5
Belarus,BLR,2018,2028976.6
Belarus,BLR,2019,433158.1
Belarus,BLR,2020,-830372.3
Belgium,BEL,2010,1256239.1
Belgium,BEL,2011,866499.4
Belgium,BEL,2012,2174730.5
Belgium,BEL,2013,1829471.8
Belgium,BEL,2014,2694212.5
Belgium,BEL,2015,3714233.5
Belgium,BEL,2016,2348074.5
Belgium,BEL,2017,3420014.2
Belgium,BEL,2018,3134478.8
Belgium,BEL,2019,3249455
Belgium,BEL,2020,2631924.5
Belize,BLZ,2010,5115420
Belize,BLZ,2011,4711684.5
Belize,BLZ,2012,4152081.2
Belize,BLZ,2013,3667004.8
Belize,BLZ,2014,6146726.5
Belize,BLZ,2015,8451419
Belize,BLZ,2016,5482736
Belize,BLZ,2017,4988279.5
Belize,BLZ,2018,4176923.2
Belize,BLZ,2019,7228485.5
Belize,BLZ,2020,6437648
Benin,BEN,2010,17734896
Benin,BEN,2011,24594894
Benin,BEN,2012,38445324
Benin,BEN,2013,22928836
Benin,BEN,2014,17402094
Benin,BEN,2015,14237828
Benin,BEN,2016,11520715
Benin,BEN,2017,9796327
Benin,BEN,2018,7227020
Benin,BEN,2019,5545427
Benin,BEN,2020,4495325
Bhutan,BTN,2010,11540794
Bhutan,BTN,2011,9959229
Bhutan,BTN,2012,10108719
Bhutan,BTN,2013,8400380
Bhutan,BTN,2014,7251715.5
Bhutan,BTN,2015,6852010
Bhutan,BTN,2016,6264634
Bhutan,BTN,2017,7108453.5
Bhutan,BTN,2018,6610955
Bhutan,BTN,2019,6348796
Bhutan,BTN,2020,6528808.5
Bolivia,BOL,2010,78224090
Bolivia,BOL,2011,70581096
Bolivia,BOL,2012,64088490
Bolivia,BOL,2013,56129548
Bolivia,BOL,2014,42928744
Bolivia,BOL,2015,47819156
Bolivia,BOL,2016,35764010
Bolivia,BOL,2017,75647710
Bolivia,BOL,2018,64657396
Bolivia,BOL,2019,47283550
Bolivia,BOL,2020,56619316
Bosnia and Herzegovina,BIH,2010,-4315166
Bosnia and Herzegovina,BIH,2011,-4293988
Bosnia and Herzegovina,BIH,2012,-2918009.8
Bosnia and Herzegovina,BIH,2013,-3620325.2
Bosnia and Herzegovina,BIH,2014,-2244456.5
Bosnia and Herzegovina,BIH,2015,-996974.4
Bosnia and Herzegovina,BIH,2016,-614306.25
Bosnia and Herzegovina,BIH,2017,-2302567.5
Bosnia and Herzegovina,BIH,2018,-1772276.9
Bosnia and Herzegovina,BIH,2019,-307849.28
Bosnia and Herzegovina,BIH,2020,-552677.75
Botswana,BWA,2010,4861468.5
Botswana,BWA,2011,1454827.9
Botswana,BWA,2012,2402411.5
Botswana,BWA,2013,7916658.5
Botswana,BWA,2014,1134520.9
Botswana,BWA,2015,-192396.64
Botswana,BWA,2016,-267362.1
Botswana,BWA,2017,-491818.72
Botswana,BWA,2018,-721588.2
Botswana,BWA,2019,-735657.94
Botswana,BWA,2020,-691909.75
Brazil,BRA,2010,1002989500
Brazil,BRA,2011,1000087200
Brazil,BRA,2012,1149652400
Brazil,BRA,2013,1212565000
Brazil,BRA,2014,1231390700
Brazil,BRA,2015,1248694900
Brazil,BRA,2016,1149544600
Brazil,BRA,2017,1023873860
Brazil,BRA,2018,1059375500
Brazil,BRA,2019,1119909900
Brazil,BRA,2020,1239238400
Brunei,BRN,2010,1456330.1
Brunei,BRN,2011,1657447
Brunei,BRN,2012,1402212.8
Brunei,BRN,2013,1029693.94
Brunei,BRN,2014,2220017.5
Brunei,BRN,2015,1373377.1
Brunei,BRN,2016,1284964.8
Brunei,BRN,2017,1194024.2
Brunei,BRN,2018,883720.2
Brunei,BRN,2019,440705.9
Brunei,BRN,2020,726607.9
Bulgaria,BGR,2010,-7885184.5
Bulgaria,BGR,2011,-2852350.8
Bulgaria,BGR,2012,-4124784.5
Bulgaria,BGR,2013,-6792176.5
Bulgaria,BGR,2014,-4872350.5
Bulgaria,BGR,2015,-5940663
Bulgaria,BGR,2016,-5954476.5
Bulgaria,BGR,2017,-6124193
Bulgaria,BGR,2018,-5983935
Bulgaria,BGR,2019,-5512231.5
Bulgaria,BGR,2020,-6135697.5
Burkina Faso,BFA,2010,27073112
Burkina Faso,BFA,2011,25485428
Burkina Faso,BFA,2012,27572370
Burkina Faso,BFA,2013,25714390
Burkina Faso,BFA,2014,25827608
Burkina Faso,BFA,2015,23893750
Burkina Faso,BFA,2016,22673968
Burkina Faso,BFA,2017,26933954
Burkina Faso,BFA,2018,24018364
Burkina Faso,BFA,2019,21952892
Burkina Faso,BFA,2020,22482670
Burundi,BDI,2010,2764011.5
Burundi,BDI,2011,3631207.2
Burundi,BDI,2012,4037911
Burundi,BDI,2013,4315202.5
Burundi,BDI,2014,4567725.5
Burundi,BDI,2015,4620231
Burundi,BDI,2016,4740666
Burundi,BDI,2017,4807937.5
Burundi,BDI,2018,4794710
Burundi,BDI,2019,4799400.5
Burundi,BDI,2020,4803870.5
Cambodia,KHM,2010,32454688
Cambodia,KHM,2011,38904096
Cambodia,KHM,2012,34606332
Cambodia,KHM,2013,31195002
Cambodia,KHM,2014,37550250
Cambodia,KHM,2015,36817156
Cambodia,KHM,2016,43429390
Cambodia,KHM,2017,42762290
Cambodia,KHM,2018,47139996
Cambodia,KHM,2019,48702584
Cambodia,KHM,2020,41556980
Cameroon,CMR,2010,44383536
Cameroon,CMR,2011,38729980
Cameroon,CMR,2012,34361796
Cameroon,CMR,2013,41554490
Cameroon,CMR,2014,19928862
Cameroon,CMR,2015,35184292
Cameroon,CMR,2016,29165880
Cameroon,CMR,2017,35065540
Cameroon,CMR,2018,27501178
Cameroon,CMR,2019,22146426
Cameroon,CMR,2020,22668546
Canada,CAN,2010,85622184
Canada,CAN,2011,137444770
Canada,CAN,2012,109046580
Canada,CAN,2013,120786696
Canada,CAN,2014,164188590
Canada,CAN,2015,142859360
Canada,CAN,2016,133097544
Canada,CAN,2017,143741950
Canada,CAN,2018,101588860
Canada,CAN,2019,99272230
Canada,CAN,2020,89205650
Cape Verde,CPV,2010,152568.95
Cape Verde,CPV,2011,76504.32
Cape Verde,CPV,2012,99331.04
Cape Verde,CPV,2013,46752.64
Cape Verde,CPV,2014,31583.682
Cape Verde,CPV,2015,14765.92
Cape Verde,CPV,2016,39314.723
Cape Verde,CPV,2017,29495.201
Cape Verde,CPV,2018,9709.6
Cape Verde,CPV,2019,1575.5199
Cape Verde,CPV,2020,-1355.6799
Central African Republic,CAF,2010,4643900
Central African Republic,CAF,2011,4810502
Central African Republic,CAF,2012,4312088.5
Central African Republic,CAF,2013,5869911
Central African Republic,CAF,2014,3674076.2
Central African Republic,CAF,2015,3420564
Central African Republic,CAF,2016,3922824.8
Central African Republic,CAF,2017,6014199.5
Central African Republic,CAF,2018,3716944.8
Central African Republic,CAF,2019,3153751.5
Central African Republic,CAF,2020,2926730
Chad,TCD,2010,18062458
Chad,TCD,2011,31836094
Chad,TCD,2012,39936428
Chad,TCD,2013,36255500
Chad,TCD,2014,23342282
Chad,TCD,2015,22950344
Chad,TCD,2016,15372202
Chad,TCD,2017,12021584
Chad,TCD,2018,9107348
Chad,TCD,2019,7848214.5
Chad,TCD,2020,7347492.5
Chile,CHL,2010,26866684
Chile,CHL,2011,28800140
Chile,CHL,2012,28902438
Chile,CHL,2013,29374544
Chile,CHL,2014,28240464
Chile,CHL,2015,28774674
Chile,CHL,2016,27843176
Chile,CHL,2017,27161490
Chile,CHL,2018,25691124
Chile,CHL,2019,24216182
Chile,CHL,2020,22574124
China,CHN,2010,-41239130
China,CHN,2011,17008984
China,CHN,2012,16145636
China,CHN,2013,17266234
China,CHN,2014,-130690850
China,CHN,2015,-34487692
China,CHN,2016,-143776050
China,CHN,2017,-179566140
China,CHN,2018,-176319200
China,CHN,2019,-225761390
China,CHN,2020,-252038240
Colombia,COL,2010,-11539732
Colombia,COL,2011,92016930
Colombia,COL,2012,276801570
Colombia,COL,2013,119493370
Colombia,COL,2014,79628904
Colombia,COL,2015,70916320
Colombia,COL,2016,35141570
Colombia,COL,2017,136690020
Colombia,COL,2018,98899090
Colombia,COL,2019,41652388
Colombia,COL,2020,9622836
Comoros,COM,2010,40560.48
Comoros,COM,2011,43638.24
Comoros,COM,2012,77200.48
Comoros,COM,2013,39278.08
Comoros,COM,2014,27333.44
Comoros,COM,2015,15938.4
Comoros,COM,2016,10259.199
Comoros,COM,2017,33379.04
Comoros,COM,2018,35650.72
Comoros,COM,2019,24365.6
Comoros,COM,2020,16048.319
Congo,COG,2010,25759458
Congo,COG,2011,28208184
Congo,COG,2012,26277256
Congo,COG,2013,24668686
Congo,COG,2014,16697984
Congo,COG,2015,22057904
Congo,COG,2016,20310322
Congo,COG,2017,22217982
Congo,COG,2018,13562699
Congo,COG,2019,9142376
Congo,COG,2020,17969832
Cook Islands,COK,2010,0
Cook Islands,COK,2011,0
Cook Islands,COK,2012,0
Cook Islands,COK,2013,0
Cook Islands,COK,2014,0
Cook Islands,COK,2015,0
Cook Islands,COK,2016,0
Cook Islands,COK,2017,0
Cook Islands,COK,2018,0
Cook Islands,COK,2019,0
Cook Islands,COK,2020,0
Costa Rica,CRI,2010,2292821.2
Costa Rica,CRI,2011,80461.44
Costa Rica,CRI,2012,2085072.4
Costa Rica,CRI,2013,2581288
Costa Rica,CRI,2014,4736892.5
Costa Rica,CRI,2015,2783724
Costa Rica,CRI,2016,3359301.8
Costa Rica,CRI,2017,2163775.2
Costa Rica,CRI,2018,1065051.5
Costa Rica,CRI,2019,4207664.5
Costa Rica,CRI,2020,8667155
Cote d'Ivoire,CIV,2010,21481774
Cote d'Ivoire,CIV,2011,25079274
Cote d'Ivoire,CIV,2012,67645720
Cote d'Ivoire,CIV,2013,59162604
Cote d'Ivoire,CIV,2014,150438190
Cote d'Ivoire,CIV,2015,64271212
Cote d'Ivoire,CIV,2016,60110444
Cote d'Ivoire,CIV,2017,247102940
Cote d'Ivoire,CIV,2018,140435380
Cote d'Ivoire,CIV,2019,103200990
Cote d'Ivoire,CIV,2020,109809820
Croatia,HRV,2010,-8230370
Croatia,HRV,2011,-6872161.5
Croatia,HRV,2012,9601658
Croatia,HRV,2013,-1736442.9
Croatia,HRV,2014,-815643
Croatia,HRV,2015,-1173908.9
Croatia,HRV,2016,-3442218
Croatia,HRV,2017,-3850717.2
Croatia,HRV,2018,-2760091.2
Croatia,HRV,2019,-1158593.5
Croatia,HRV,2020,-2580921.5
Cuba,CUB,2010,-9359468
Cuba,CUB,2011,-19081158
Cuba,CUB,2012,-9660246
Cuba,CUB,2013,-10791029
Cuba,CUB,2014,-9486169
Cuba,CUB,2015,-11183700
Cuba,CUB,2016,5515419.5
Cuba,CUB,2017,-1787775.5
Cuba,CUB,2018,6744215
Cuba,CUB,2019,-958758.9
Cuba,CUB,2020,-3351131.2
Cyprus,CYP,2010,-1552839.9
Cyprus,CYP,2011,-1659645.5
Cyprus,CYP,2012,-1890330.9
Cyprus,CYP,2013,-1873952.8
Cyprus,CYP,2014,465474.56
Cyprus,CYP,2015,-1337543.1
Cyprus,CYP,2016,-18649.76
Cyprus,CYP,2017,464045.62
Cyprus,CYP,2018,-814360.6
Cyprus,CYP,2019,-825902.25
Cyprus,CYP,2020,-557147.9
Czechia,CZE,2010,-11006949
Czechia,CZE,2011,-9108997
Czechia,CZE,2012,-9570881
Czechia,CZE,2013,-8613844
Czechia,CZE,2014,-7364383
Czechia,CZE,2015,-6074582
Czechia,CZE,2016,-5020522.5
Czechia,CZE,2017,-6440212.5
Czechia,CZE,2018,-6893999
Czechia,CZE,2019,-6928624
Czechia,CZE,2020,-6796903
Democratic Republic of Congo,COD,2010,870310800
Democratic Republic of Congo,COD,2011,1004093000
Democratic Republic of Congo,COD,2012,938447200
Democratic Republic of Congo,COD,2013,960219140
Democratic Republic of Congo,COD,2014,791118850
Democratic Republic of Congo,COD,2015,623261600
Democratic Republic of Congo,COD,2016,660536300
Democratic Republic of Congo,COD,2017,666661500
Democratic Republic of Congo,COD,2018,534389950
Democratic Republic of Congo,COD,2019,450279000
Democratic Republic of Congo,COD,2020,363164320
Denmark,DNK,2010,7396883.5
Denmark,DNK,2011,1535069.5
Denmark,DNK,2012,2246545
Denmark,DNK,2013,4249434
Denmark,DNK,2014,1295736.9
Denmark,DNK,2015,1604941.9
Denmark,DNK,2016,1870801.9
Denmark,DNK,2017,2581104.8
Denmark,DNK,2018,1731020.1
Denmark,DNK,2019,1242645.6
Denmark,DNK,2020,1100702.2
Djibouti,DJI,2010,101749.28
Djibouti,DJI,2011,93175.516
Djibouti,DJI,2012,87752.8
Djibouti,DJI,2013,83759.04
Djibouti,DJI,2014,80827.836
Djibouti,DJI,2015,80058.4
Djibouti,DJI,2016,78446.24
Djibouti,DJI,2017,76577.6
Djibouti,DJI,2018,77640.164
Djibouti,DJI,2019,96106.72
Djibouti,DJI,2020,85517.76
Dominica,DMA,2010,-193349.28
Dominica,DMA,2011,-181038.23
Dominica,DMA,2012,-129778.88
Dominica,DMA,2013,-145387.52
Dominica,DMA,2014,-142529.6
Dominica,DMA,2015,-136740.48
Dominica,DMA,2016,-131244.48
Dominica,DMA,2017,-121534.88
Dominica,DMA,2018,-119226.56
Dominica,DMA,2019,-113180.95
Dominica,DMA,2020,-107501.766
Dominican Republic,DOM,2010,973121.8
Dominican Republic,DOM,2011,-2874957.8
Dominican Republic,DOM,2012,-1240777
Dominican Republic,DOM,2013,-580084.44
Dominican Republic,DOM,2014,17863098
Dominican Republic,DOM,2015,6326848.5
Dominican Republic,DOM,2016,3108354.2
Dominican Republic,DOM,2017,2073824
Dominican Republic,DOM,2018,711365.6
Dominican Republic,DOM,2019,348409.78
Dominican Republic,DOM,2020,105303.36
East Timor,TLS,2010,3537335.5
East Timor,TLS,2011,2677980.8
East Timor,TLS,2012,2706523.5
East Timor,TLS,2013,2881003.2
East Timor,TLS,2014,3367802.2
East Timor,TLS,2015,2819558
East Timor,TLS,2016,2684319.8
East Timor,TLS,2017,4046741.5
East Timor,TLS,2018,3034488.2
East Timor,TLS,2019,4389106
East Timor,TLS,2020,4340521
Ecuador,ECU,2010,5472514
Ecuador,ECU,2011,29179032
Ecuador,ECU,2012,29379932
Ecuador,ECU,2013,7910320
Ecuador,ECU,2014,51279404
Ecuador,ECU,2015,9254165
Ecuador,ECU,2016,9335505
Ecuador,ECU,2017,-1782059.6
Ecuador,ECU,2018,3075122
Ecuador,ECU,2019,26192580
Ecuador,ECU,2020,13516020
Egypt,EGY,2010,991112
Egypt,EGY,2011,1847681.9
Egypt,EGY,2012,2047956.1
Egypt,EGY,2013,948279.9
Egypt,EGY,2014,1901213
Egypt,EGY,2015,526113.75
Egypt,EGY,2016,2040005.4
Egypt,EGY,2017,1556613.8
Egypt,EGY,2018,2211847
Egypt,EGY,2019,2406918.2
Egypt,EGY,2020,2790429
El Salvador,SLV,2010,-450378.88
El Salvador,SLV,2011,-766032.5
El Salvador,SLV,2012,-717154.75
El Salvador,SLV,2013,-1231104
El Salvador,SLV,2014,-162168.64
El Salvador,SLV,2015,-563962.9
El Salvador,SLV,2016,-541319.4
El Salvador,SLV,2017,-416047.2
El Salvador,SLV,2018,-414398.4
El Salvador,SLV,2019,-365484
El Salvador,SLV,2020,-460821.28
Equatorial Guinea,GNQ,2010,-1108836.4
Equatorial Guinea,GNQ,2011,477895.5
Equatorial Guinea,GNQ,2012,969054.7
Equatorial Guinea,GNQ,2013,3640147.2
Equatorial Guinea,GNQ,2014,-990855.5
Equatorial Guinea,GNQ,2015,3075451.8
Equatorial Guinea,GNQ,2016,1548919.4
Equatorial Guinea,GNQ,2017,2313596
Equatorial Guinea,GNQ,2018,2399480.2
Equatorial Guinea,GNQ,2019,1571856
Equatorial Guinea,GNQ,2020,2055577.4
Eritrea,ERI,2010,1076116.9
Eritrea,ERI,2011,733239.7
Eritrea,ERI,2012,511274.56
Eritrea,ERI,2013,397910.4
Eritrea,ERI,2014,330566.06
Eritrea,ERI,2015,2275820.2
Eritrea,ERI,2016,4194804
Eritrea,ERI,2017,4992896
Eritrea,ERI,2018,5338778
Eritrea,ERI,2019,6025191.5
Eritrea,ERI,2020,6327838
Estonia,EST,2010,-2859972
Estonia,EST,2011,-2746791
Estonia,EST,2012,-2179677
Estonia,EST,2013,-1885054.8
Estonia,EST,2014,-789005.75
Estonia,EST,2015,-599540.3
Estonia,EST,2016,-1714935.2
Estonia,EST,2017,-1362714.9
Estonia,EST,2018,-1164565.8
Estonia,EST,2019,-1407122.5
Estonia,EST,2020,-1104549.4
Eswatini,SWZ,2010,469431.7
Eswatini,SWZ,2011,505265.6
Eswatini,SWZ,2012,386991.66
Eswatini,SWZ,2013,355481.28
Eswatini,SWZ,2014,249445.12
Eswatini,SWZ,2015,227131.36
Eswatini,SWZ,2016,470017.9
Eswatini,SWZ,2017,513985.9
Eswatini,SWZ,2018,542528.44
Eswatini,SWZ,2019,608883.5
Eswatini,SWZ,2020,270842.88
Ethiopia,ETH,2010,136527940
Ethiopia,ETH,2011,104151730
Ethiopia,ETH,2012,96543656
Ethiopia,ETH,2013,90624830
Ethiopia,ETH,2014,80680990
Ethiopia,ETH,2015,133227840
Ethiopia,ETH,2016,185246560
Ethiopia,ETH,2017,214419230
Ethiopia,ETH,2018,220276720
Ethiopia,ETH,2019,236019620
Ethiopia,ETH,2020,232478640
Europe,,2010,211400220
Europe,,2011,-61926548
Europe,,2012,246487040
Europe,,2013,83457384
Europe,,2014,-46666100
Europe,,2015,270522020
Europe,,2016,275743460
Europe,,2017,260611620
Europe,,2018,306237380
Europe,,2019,101051330
Europe,,2020,173834830
Europe (excl. EU-27),,2010,381789220
Europe (excl. EU-27),,2011,74377656
Europe (excl. EU-27),,2012,389336600
Europe (excl. EU-27),,2013,242019620
Europe (excl. EU-27),,2014,104254240
Europe (excl. EU-27),,2015,420228220
Europe (excl. EU-27),,2016,422183580
Europe (excl. EU-27),,2017,378381060
Europe (excl. EU-27),,2018,377913920
Europe (excl. EU-27),,2019,217837780
Europe (excl. EU-27),,2020,301711330
Europe (excl. EU-28),,2010,374921400
Europe (excl. EU-28),,2011,63695050
Europe (excl. EU-28),,2012,372300580
Europe (excl. EU-28),,2013,226106420
Europe (excl. EU-28),,2014,92222030
Europe (excl. EU-28),,2015,400314270
Europe (excl. EU-28),,2016,403042500
Europe (excl. EU-28),,2017,364797700
Europe (excl. EU-28),,2018,359071140
Europe (excl. EU-28),,2019,206333700
Europe (excl. EU-28),,2020,292613820
European Union (27),,2010,-170388980
European Union (27),,2011,-136304210
European Union (27),,2012,-142849570
European Union (27),,2013,-158562220
European Union (27),,2014,-150920340
European Union (27),,2015,-149706200
European Union (27),,2016,-146440110
European Union (27),,2017,-117769464
European Union (27),,2018,-71676560
European Union (27),,2019,-116786440
European Union (27),,2020,-127876500
European Union (28),,2010,-163521170
European Union (28),,2011,-125621600
European Union (28),,2012,-125813550
European Union (28),,2013,-142649040
European Union (28),,2014,-138888130
European Union (28),,2015,-129792260
European Union (28),,2016,-127299010
European Union (28),,2017,-104186100
European Union (28),,2018,-52833776
European Union (28),,2019,-105282360
European Union (28),,2020,-118779000
Fiji,FJI,2010,-452504
Fiji,FJI,2011,-557111.2
Fiji,FJI,2012,-562790.44
Fiji,FJI,2013,-190711.19
Fiji,FJI,2014,-539707.2
Fiji,FJI,2015,-205953.44
Fiji,FJI,2016,-418318.88
Fiji,FJI,2017,-375376.78
Fiji,FJI,2018,-393586.88
Fiji,FJI,2019,-372738.72
Fiji,FJI,2020,-526150.44
Finland,FIN,2010,14263586
Finland,FIN,2011,14612948
Finland,FIN,2012,14496982
Finland,FIN,2013,16703444
Finland,FIN,2014,17353876
Finland,FIN,2015,18328720
Finland,FIN,2016,18774922
Finland,FIN,2017,21288280
Finland,FIN,2018,22028372
Finland,FIN,2019,22552470
Finland,FIN,2020,22284704
France,FRA,2010,-28484338
France,FRA,2011,-27183254
France,FRA,2012,-23757742
France,FRA,2013,-21122410
France,FRA,2014,-20539284
France,FRA,2015,-14211300
France,FRA,2016,-18424862
France,FRA,2017,8007195.5
France,FRA,2018,-18889898
France,FRA,2019,-22869992
France,FRA,2020,-22462776
Gabon,GAB,2010,8475638
Gabon,GAB,2011,8740288
Gabon,GAB,2012,10857494
Gabon,GAB,2013,12985693
Gabon,GAB,2014,4122403.2
Gabon,GAB,2015,12731740
Gabon,GAB,2016,8029069.5
Gabon,GAB,2017,12838143
Gabon,GAB,2018,8378395.5
Gabon,GAB,2019,4842965
Gabon,GAB,2020,6185638
Gambia,GMB,2010,1982150.6
Gambia,GMB,2011,1293501.9
Gambia,GMB,2012,1078535.1
Gambia,GMB,2013,723676.6
Gambia,GMB,2014,1095902.5
Gambia,GMB,2015,693228.8
Gambia,GMB,2016,290848.3
Gambia,GMB,2017,228084
Gambia,GMB,2018,202142.88
Gambia,GMB,2019,165099.84
Gambia,GMB,2020,138206.08
Georgia,GEO,2010,-10712950
Georgia,GEO,2011,-10427927
Georgia,GEO,2012,-6966656
Georgia,GEO,2013,-9657352
Georgia,GEO,2014,-9416516
Georgia,GEO,2015,-9980479
Georgia,GEO,2016,-9905441
Georgia,GEO,2017,-10049362
Georgia,GEO,2018,-9841834
Georgia,GEO,2019,-9258012
Georgia,GEO,2020,-7808313.5
Germany,DEU,2010,-11450916
Germany,DEU,2011,-13268480
Germany,DEU,2012,-8495203
Germany,DEU,2013,-7060051.5
Germany,DEU,2014,-4901662.5
Germany,DEU,2015,-5974445
Germany,DEU,2016,-3641429.8
Germany,DEU,2017,-4567945
Germany,DEU,2018,-8286282.5
Germany,DEU,2019,-8880766
Germany,DEU,2020,-7927320
Ghana,GHA,2010,17558108
Ghana,GHA,2011,16516323
Ghana,GHA,2012,15759853
Ghana,GHA,2013,17466580
Ghana,GHA,2014,17428036
Ghana,GHA,2015,16280874
Ghana,GHA,2016,15881864
Ghana,GHA,2017,14980374
Ghana,GHA,2018,12830595
Ghana,GHA,2019,15360221
Ghana,GHA,2020,11495910
Greece,GRC,2010,-10081936
Greece,GRC,2011,-9991765
Greece,GRC,2012,-10314893
Greece,GRC,2013,-19629550
Greece,GRC,2014,-17930774
Greece,GRC,2015,-20215058
Greece,GRC,2016,-22504910
Greece,GRC,2017,-23974578
Greece,GRC,2018,-1908284.5
Greece,GRC,2019,-11693106
Greece,GRC,2020,-13646275
Grenada,GRD,2010,-89877.914
Grenada,GRD,2011,-161838.88
Grenada,GRD,2012,-154767.36
Grenada,GRD,2013,-147072.95
Grenada,GRD,2014,-140734.23
Grenada,GRD,2015,-134688.64
Grenada,GRD,2016,-128862.88
Grenada,GRD,2017,-123183.68
Grenada,GRD,2018,-117870.88
Grenada,GRD,2019,-100723.36
Grenada,GRD,2020,-102335.52
Guatemala,GTM,2010,20599960
Guatemala,GTM,2011,16790756
Guatemala,GTM,2012,14208479
Guatemala,GTM,2013,22846470
Guatemala,GTM,2014,42253172
Guatemala,GTM,2015,32196228
Guatemala,GTM,2016,28675270
Guatemala,GTM,2017,27711162
Guatemala,GTM,2018,27644036
Guatemala,GTM,2019,28796660
Guatemala,GTM,2020,25169482
Guinea,GIN,2010,10680084
Guinea,GIN,2011,17119930
Guinea,GIN,2012,21112372
Guinea,GIN,2013,17966240
Guinea,GIN,2014,13250600
Guinea,GIN,2015,12548358
Guinea,GIN,2016,12626400
Guinea,GIN,2017,13379499
Guinea,GIN,2018,12635414
Guinea,GIN,2019,12601998
Guinea,GIN,2020,11998537
Guinea-Bissau,GNB,2010,1294527.8
Guinea-Bissau,GNB,2011,917282.4
Guinea-Bissau,GNB,2012,740714.25
Guinea-Bissau,GNB,2013,617897
Guinea-Bissau,GNB,2014,865290.25
Guinea-Bissau,GNB,2015,634091.8
Guinea-Bissau,GNB,2016,626470.75
Guinea-Bissau,GNB,2017,585360.6
Guinea-Bissau,GNB,2018,458586.22
Guinea-Bissau,GNB,2019,349472.3
Guinea-Bissau,GNB,2020,320636.62
Guyana,GUY,2010,5631018.5
Guyana,GUY,2011,2911121.2
Guyana,GUY,2012,6958485.5
Guyana,GUY,2013,2827362.2
Guyana,GUY,2014,-2833957.2
Guyana,GUY,2015,-1206408.6
Guyana,GUY,2016,5385200.5
Guyana,GUY,2017,-743645.44
Guyana,GUY,2018,3211972.2
Guyana,GUY,2019,4700252.5
Guyana,GUY,2020,4669951
Haiti,HTI,2010,15346260
Haiti,HTI,2011,13314756
Haiti,HTI,2012,13882420
Haiti,HTI,2013,8110703.5
Haiti,HTI,2014,6260970
Haiti,HTI,2015,4903385
Haiti,HTI,2016,1693684
Haiti,HTI,2017,1074724.5
Haiti,HTI,2018,-4539183
Haiti,HTI,2019,-3765639.2
Haiti,HTI,2020,-2257903.5
High-income countries,,2010,884862100
High-income countries,,2011,304970140
High-income countries,,2012,588420860
High-income countries,,2013,399060700
High-income countries,,2014,319271170
High-income countries,,2015,523501920
High-income countries,,2016,629576770
High-income countries,,2017,672631550
High-income countries,,2018,590041860
High-income countries,,2019,354561860
High-income countries,,2020,474315940
Honduras,HND,2010,13257855
Honduras,HND,2011,15651582
Honduras,HND,2012,10427854
Honduras,HND,2013,9783063
Honduras,HND,2014,6724465.5
Honduras,HND,2015,12841111
Honduras,HND,2016,18096056
Honduras,HND,2017,14741700
Honduras,HND,2018,8867026
Honduras,HND,2019,10261728
Honduras,HND,2020,12983091
Hungary,HUN,2010,-11214185
Hungary,HUN,2011,-9917789
Hungary,HUN,2012,-10979029
Hungary,HUN,2013,-9958862
Hungary,HUN,2014,-9506614
Hungary,HUN,2015,-8506892
Hungary,HUN,2016,-7715175
Hungary,HUN,2017,-7909440
Hungary,HUN,2018,-7794977
Hungary,HUN,2019,-14124940
Hungary,HUN,2020,-6034498
Iceland,ISL,2010,1024527.6
Iceland,ISL,2011,234422.72
Iceland,ISL,2012,407510.1
Iceland,ISL,2013,306603.5
Iceland,ISL,2014,293596.34
Iceland,ISL,2015,295758.1
Iceland,ISL,2016,299715.2
Iceland,ISL,2017,348556.3
Iceland,ISL,2018,344159.5
Iceland,ISL,2019,322212.16
Iceland,ISL,2020,312026.25
India,IND,2010,116952680
India,IND,2011,98027680
India,IND,2012,159491360
India,IND,2013,218269280
India,IND,2014,93788504
India,IND,2015,133372750
India,IND,2016,121941070
India,IND,2017,78561910
India,IND,2018,104241970
India,IND,2019,52650216
India,IND,2020,38998444
Indonesia,IDN,2010,811798460
Indonesia,IDN,2011,913872100
Indonesia,IDN,2012,959508860
Indonesia,IDN,2013,944776260
Indonesia,IDN,2014,1158481800
Indonesia,IDN,2015,1503576700
Indonesia,IDN,2016,727746600
Indonesia,IDN,2017,666585400
Indonesia,IDN,2018,656265600
Indonesia,IDN,2019,896554000
Indonesia,IDN,2020,505240200
Iran,IRN,2010,-24794142
Iran,IRN,2011,-25983366
Iran,IRN,2012,-26358046
Iran,IRN,2013,-23449710
Iran,IRN,2014,-25482462
Iran,IRN,2015,-23277610
Iran,IRN,2016,-23671822
Iran,IRN,2017,-23876530
Iran,IRN,2018,49739936
Iran,IRN,2019,19014036
Iran,IRN,2020,8469666
Iraq,IRQ,2010,11073341
Iraq,IRQ,2011,1273569.8
Iraq,IRQ,2012,12430853
Iraq,IRQ,2013,23667352
Iraq,IRQ,2014,11169264
Iraq,IRQ,2015,6243749
Iraq,IRQ,2016,4780970.5
Iraq,IRQ,2017,2699415.2
Iraq,IRQ,2018,1760368.9
Iraq,IRQ,2019,3766592
Iraq,IRQ,2020,1127192.9
Ireland,IRL,2010,8560606
Ireland,IRL,2011,8778284
Ireland,IRL,2012,6674415.5
Ireland,IRL,2013,4616750
Ireland,IRL,2014,3095274
Ireland,IRL,2015,5213615.5
Ireland,IRL,2016,5794946
Ireland,IRL,2017,5783404
Ireland,IRL,2018,4948708.5
Ireland,IRL,2019,3915973.5
Ireland,IRL,2020,865400.2
Israel,ISR,2010,-188036.48
Israel,ISR,2011,200274.23
Israel,ISR,2012,-123660.01
Israel,ISR,2013,650140.2
Israel,ISR,2014,63790.242
Israel,ISR,2015,-108344.484
Israel,ISR,2016,3754097.8
Israel,ISR,2017,1821374.4
Israel,ISR,2018,932048.25
Israel,ISR,2019,708287.8
Israel,ISR,2020,378454.56
Italy,ITA,2010,-45003596
Italy,ITA,2011,-34537450
Italy,ITA,2012,-48159690
Italy,ITA,2013,-47417290
Italy,ITA,2014,-48146790
Italy,ITA,2015,-43119452
Italy,ITA,2016,-38040308
Italy,ITA,2017,-44052492
Italy,ITA,2018,-9641083
Italy,ITA,2019,-28089872
Italy,ITA,2020,-32748464
Jamaica,JAM,2010,1810052.6
Jamaica,JAM,2011,2744299.2
Jamaica,JAM,2012,2109768
Jamaica,JAM,2013,1625057.4
Jamaica,JAM,2014,666628.2
Jamaica,JAM,2015,420956.97
Jamaica,JAM,2016,262672.16
Jamaica,JAM,2017,496618.53
Jamaica,JAM,2018,-171548.48
Jamaica,JAM,2019,-319354.25
Jamaica,JAM,2020,-461883.8
Japan,JPN,2010,-12946488
Japan,JPN,2011,-10531472
Japan,JPN,2012,-8698006
Japan,JPN,2013,-7068845.5
Japan,JPN,2014,-4952152.5
Japan,JPN,2015,-4235694
Japan,JPN,2016,-5932785.5
Japan,JPN,2017,-4065134.8
Japan,JPN,2018,-549453.44
Japan,JPN,2019,-1398732
Japan,JPN,2020,1123675.5
Jordan,JOR,2010,796223.8
Jordan,JOR,2011,2271863.2
Jordan,JOR,2012,1776270.5
Jordan,JOR,2013,1468970.9
Jordan,JOR,2014,1039220.4
Jordan,JOR,2015,1173029.5
Jordan,JOR,2016,-10185.92
Jordan,JOR,2017,658384.2
Jordan,JOR,2018,1014415.06
Jordan,JOR,2019,501858.06
Jordan,JOR,2020,269230.72
Kazakhstan,KAZ,2010,-11984468
Kazakhstan,KAZ,2011,-12430083
Kazakhstan,KAZ,2012,-13784114
Kazakhstan,KAZ,2013,-16382697
Kazakhstan,KAZ,2014,-4175018
Kazakhstan,KAZ,2015,-12278687
Kazakhstan,KAZ,2016,-12859688
Kazakhstan,KAZ,2017,-10386341
Kazakhstan,KAZ,2018,-15866842
Kazakhstan,KAZ,2019,-8653855
Kazakhstan,KAZ,2020,-6458276.5
Kenya,KEN,2010,53804850
Kenya,KEN,2011,40200308
Kenya,KEN,2012,34482820
Kenya,KEN,2013,29492270
Kenya,KEN,2014,26951322
Kenya,KEN,2015,24187530
Kenya,KEN,2016,21404246
Kenya,KEN,2017,20169184
Kenya,KEN,2018,18154240
Kenya,KEN,2019,15619559
Kenya,KEN,2020,11963803
Kiribati,KIR,2010,0
Kiribati,KIR,2011,0
Kiribati,KIR,2012,0
Kiribati,KIR,2013,0
Kiribati,KIR,2014,0
Kiribati,KIR,2015,0
Kiribati,KIR,2016,0
Kiribati,KIR,2017,0
Kiribati,KIR,2018,0
Kiribati,KIR,2019,0
Kiribati,KIR,2020,0
Kuwait,KWT,2010,17660.48
Kuwait,KWT,2011,14362.88
Kuwait,KWT,2012,17257.44
Kuwait,KWT,2013,15059.04
Kuwait,KWT,2014,7474.5596
Kuwait,KWT,2015,10735.52
Kuwait,KWT,2016,15681.92
Kuwait,KWT,2017,9233.28
Kuwait,KWT,2018,8500.4795
Kuwait,KWT,2019,8756.96
Kuwait,KWT,2020,8647.04
Kyrgyzstan,KGZ,2010,-416047.2
Kyrgyzstan,KGZ,2011,-298909.12
Kyrgyzstan,KGZ,2012,-185838.08
Kyrgyzstan,KGZ,2013,-157698.56
Kyrgyzstan,KGZ,2014,-105889.59
Kyrgyzstan,KGZ,2015,138389.28
Kyrgyzstan,KGZ,2016,2931.2
Kyrgyzstan,KGZ,2017,-103324.805
Kyrgyzstan,KGZ,2018,-167151.69
Kyrgyzstan,KGZ,2019,-211669.28
Kyrgyzstan,KGZ,2020,-203535.2
Laos,LAO,2010,76822580
Laos,LAO,2011,67184350
Laos,LAO,2012,56937644
Laos,LAO,2013,45622004
Laos,LAO,2014,51150250
Laos,LAO,2015,39877804
Laos,LAO,2016,30088328
Laos,LAO,2017,23390536
Laos,LAO,2018,17159538
Laos,LAO,2019,12275976
Laos,LAO,2020,11087593
Latvia,LVA,2010,-1966725.2
Latvia,LVA,2011,-457340.5
Latvia,LVA,2012,1310869.2
Latvia,LVA,2013,-348849.44
Latvia,LVA,2014,216249.28
Latvia,LVA,2015,3501794.8
Latvia,LVA,2016,1029510.7
Latvia,LVA,2017,859464.44
Latvia,LVA,2018,2318652.5
Latvia,LVA,2019,1611500.5
Latvia,LVA,2020,1628721.2
Lebanon,LBN,2010,-211705.92
Lebanon,LBN,2011,-842.72003
Lebanon,LBN,2012,-98451.68
Lebanon,LBN,2013,-33745.438
Lebanon,LBN,2014,-11504.96
Lebanon,LBN,2015,163267.84
Lebanon,LBN,2016,180232.16
Lebanon,LBN,2017,-46752.64
Lebanon,LBN,2018,-111898.56
Lebanon,LBN,2019,144105.11
Lebanon,LBN,2020,107721.6
Lesotho,LSO,2010,3007960.8
Lesotho,LSO,2011,2064957
Lesotho,LSO,2012,1621283.4
Lesotho,LSO,2013,2694212.5
Lesotho,LSO,2014,1286210.6
Lesotho,LSO,2015,4888435.5
Lesotho,LSO,2016,6091913
Lesotho,LSO,2017,5418103.5
Lesotho,LSO,2018,4512912.5
Lesotho,LSO,2019,3851597
Lesotho,LSO,2020,3405468.2
Liberia,LBR,2010,24392970
Liberia,LBR,2011,23054034
Liberia,LBR,2012,24324454
Liberia,LBR,2013,23295310
Liberia,LBR,2014,23950360
Liberia,LBR,2015,22095752
Liberia,LBR,2016,22197060
Liberia,LBR,2017,25266064
Liberia,LBR,2018,22624650
Liberia,LBR,2019,19974076
Liberia,LBR,2020,19105416
Libya,LBY,2010,-657101.75
Libya,LBY,2011,-507610.56
Libya,LBY,2012,-392780.78
Libya,LBY,2013,-509296
Libya,LBY,2014,-486799.06
Libya,LBY,2015,-441035.7
Libya,LBY,2016,-398093.6
Libya,LBY,2017,-380689.6
Libya,LBY,2018,-359841.44
Libya,LBY,2019,-331848.5
Libya,LBY,2020,-301254.1
Liechtenstein,LIE,2010,-16121.6
Liechtenstein,LIE,2011,-16781.12
Liechtenstein,LIE,2012,-17330.72
Liechtenstein,LIE,2013,-17000.959
Liechtenstein,LIE,2014,-16451.361
Liechtenstein,LIE,2015,-16964.32
Liechtenstein,LIE,2016,-17220.799
Liechtenstein,LIE,2017,-16268.159
Liechtenstein,LIE,2018,-15865.12
Liechtenstein,LIE,2019,-16194.881
Liechtenstein,LIE,2020,-15498.721
Lithuania,LTU,2010,-4217777
Lithuania,LTU,2011,-3081827
Lithuania,LTU,2012,-1556980.1
Lithuania,LTU,2013,811063.06
Lithuania,LTU,2014,-1018042.44
Lithuania,LTU,2015,-3511174.5
Lithuania,LTU,2016,-4071217
Lithuania,LTU,2017,-2778777.8
Lithuania,LTU,2018,-364604.62
Lithuania,LTU,2019,-1940491
Lithuania,LTU,2020,-1765425.1
Low-income countries,,2010,1428831400
Low-income countries,,2011,1588501400
Low-income countries,,2012,1497171600
Low-income countries,,2013,1426122600
Low-income countries,,2014,1216013200
Low-income countries,,2015,1089025000
Low-income countries,,2016,1154191100
Low-income countries,,2017,1199564300
Low-income countries,,2018,979700600
Low-income countries,,2019,935481200
Low-income countries,,2020,834891100
Lower-middle-income countries,,2010,1527217900
Lower-middle-income countries,,2011,1358619500
Lower-middle-income countries,,2012,1354347900
Lower-middle-income countries,,2013,1301624600
Lower-middle-income countries,,2014,1451207300
Lower-middle-income countries,,2015,1316884600
Lower-middle-income countries,,2016,1217775500
Lower-middle-income countries,,2017,1293899300
Lower-middle-income countries,,2018,1045501000
Lower-middle-income countries,,2019,872428300
Lower-middle-income countries,,2020,816730000
Luxembourg,LUX,2010,109810.08
Luxembourg,LUX,2011,132416.95
Luxembourg,LUX,2012,120655.52
Luxembourg,LUX,2013,150224
Luxembourg,LUX,2014,154291.05
Luxembourg,LUX,2015,110762.72
Luxembourg,LUX,2016,134542.08
Luxembourg,LUX,2017,136154.25
Luxembourg,LUX,2018,113767.2
Luxembourg,LUX,2019,128423.2
Luxembourg,LUX,2020,152092.64
Madagascar,MDG,2010,39440064
Madagascar,MDG,2011,35316856
Madagascar,MDG,2012,34136132
Madagascar,MDG,2013,35022748
Madagascar,MDG,2014,28635552
Madagascar,MDG,2015,32152298
Madagascar,MDG,2016,31890102
Madagascar,MDG,2017,31151328
Madagascar,MDG,2018,26998002
Madagascar,MDG,2019,24810116
Madagascar,MDG,2020,24087502
Malawi,MWI,2010,10871784
Malawi,MWI,2011,9346205
Malawi,MWI,2012,10058633
Malawi,MWI,2013,12262162
Malawi,MWI,2014,12025101
Malawi,MWI,2015,11382033
Malawi,MWI,2016,11105730
Malawi,MWI,2017,10890324
Malawi,MWI,2018,10331528
Malawi,MWI,2019,10124512
Malawi,MWI,2020,10176540
Malaysia,MYS,2010,162990080
Malaysia,MYS,2011,212670000
Malaysia,MYS,2012,202889500
Malaysia,MYS,2013,165225440
Malaysia,MYS,2014,300181470
Malaysia,MYS,2015,172920460
Malaysia,MYS,2016,131024344
Malaysia,MYS,2017,102348824
Malaysia,MYS,2018,84009300
Malaysia,MYS,2019,66959970
Malaysia,MYS,2020,63598320
Maldives,MDV,2010,293.12
Maldives,MDV,2011,0
Maldives,MDV,2012,73.28
Maldives,MDV,2013,0
Maldives,MDV,2014,0
Maldives,MDV,2015,73.28
Maldives,MDV,2016,0
Maldives,MDV,2017,0
Maldives,MDV,2018,36.64
Maldives,MDV,2019,0
Maldives,MDV,2020,0
Mali,MLI,2010,27355682
Mali,MLI,2011,27610878
Mali,MLI,2012,31117912
Mali,MLI,2013,31445768
Mali,MLI,2014,31435142
Mali,MLI,2015,32929722
Mali,MLI,2016,32098766
Mali,MLI,2017,33083760
Mali,MLI,2018,32515180
Mali,MLI,2019,31937218
Mali,MLI,2020,33449168
Malta,MLT,2010,-17660.48
Malta,MLT,2011,-28982.24
Malta,MLT,2012,-33305.758
Malta,MLT,2013,-33415.68
Malta,MLT,2014,-33708.8
Malta,MLT,2015,-19858.879
Malta,MLT,2016,-27003.68
Malta,MLT,2017,-27919.68
Malta,MLT,2018,-27956.32
Malta,MLT,2019,-53128
Malta,MLT,2020,-58111.043
Marshall Islands,MHL,2010,0
Marshall Islands,MHL,2011,0
Marshall Islands,MHL,2012,0
Marshall Islands,MHL,2013,0
Marshall Islands,MHL,2014,0
Marshall Islands,MHL,2015,0
Marshall Islands,MHL,2016,0
Marshall Islands,MHL,2017,0
Marshall Islands,MHL,2018,0
Marshall Islands,MHL,2019,0
Marshall Islands,MHL,2020,0
Mauritania,MRT,2010,457523.7
Mauritania,MRT,2011,615991.7
Mauritania,MRT,2012,241420.95
Mauritania,MRT,2013,126408
Mauritania,MRT,2014,295501.6
Mauritania,MRT,2015,156049.77
Mauritania,MRT,2016,208261.75
Mauritania,MRT,2017,188292.95
Mauritania,MRT,2018,162681.6
Mauritania,MRT,2019,173930.08
Mauritania,MRT,2020,197599.52
Mauritius,MUS,2010,-14326.24
Mauritius,MUS,2011,-49940.32
Mauritius,MUS,2012,-60565.918
Mauritius,MUS,2013,1437680.4
Mauritius,MUS,2014,528019
Mauritius,MUS,2015,332361.44
Mauritius,MUS,2016,190821.12
Mauritius,MUS,2017,125272.16
Mauritius,MUS,2018,85151.36
Mauritius,MUS,2019,-83722.4
Mauritius,MUS,2020,15242.24
Mexico,MEX,2010,36892780
Mexico,MEX,2011,30021276
Mexico,MEX,2012,33406814
Mexico,MEX,2013,25672256
Mexico,MEX,2014,30526910
Mexico,MEX,2015,20493118
Mexico,MEX,2016,-32180804
Mexico,MEX,2017,-22722150
Mexico,MEX,2018,-38223030
Mexico,MEX,2019,51165230
Mexico,MEX,2020,11282665
Micronesia (country),FSM,2010,0
Micronesia (country),FSM,2011,0
Micronesia (country),FSM,2012,0
Micronesia (country),FSM,2013,0
Micronesia (country),FSM,2014,0
Micronesia (country),FSM,2015,0
Micronesia (country),FSM,2016,0
Micronesia (country),FSM,2017,0
Micronesia (country),FSM,2018,0
Micronesia (country),FSM,2019,0
Micronesia (country),FSM,2020,0
Moldova,MDA,2010,-2188470.5
Moldova,MDA,2011,-2048689
Moldova,MDA,2012,-4705492
Moldova,MDA,2013,-4152374.8
Moldova,MDA,2014,-3933743.5
Moldova,MDA,2015,-3821405.5
Moldova,MDA,2016,-3617064.2
Moldova,MDA,2017,-4623638
Moldova,MDA,2018,-4000428.5
Moldova,MDA,2019,-3738599
Moldova,MDA,2020,-3042915.2
Monaco,MCO,2010,183.2
Monaco,MCO,2011,183.2
Monaco,MCO,2012,146.56
Monaco,MCO,2013,146.56
Monaco,MCO,2014,146.56
Monaco,MCO,2015,109.92
Monaco,MCO,2016,109.92
Monaco,MCO,2017,109.92
Monaco,MCO,2018,109.92
Monaco,MCO,2019,109.92
Monaco,MCO,2020,109.92
Mongolia,MNG,2010,11850438
Mongolia,MNG,2011,11320404
Mongolia,MNG,2012,10017376
Mongolia,MNG,2013,9263765
Mongolia,MNG,2014,9064003
Mongolia,MNG,2015,8325194.5
Mongolia,MNG,2016,7938349
Mongolia,MNG,2017,7678865
Mongolia,MNG,2018,7562349.5
Mongolia,MNG,2019,7338369
Mongolia,MNG,2020,7052027.5
Montenegro,MNE,2010,-3042732
Montenegro,MNE,2011,-2814245
Montenegro,MNE,2012,-3522752.8
Montenegro,MNE,2013,-3222121.8
Montenegro,MNE,2014,-3384620
Montenegro,MNE,2015,-3395832
Montenegro,MNE,2016,-3469844.5
Montenegro,MNE,2017,-3268361.2
Montenegro,MNE,2018,-2352178
Montenegro,MNE,2019,-2445427
Montenegro,MNE,2020,-2339061
Morocco,MAR,2010,242703.36
Morocco,MAR,2011,11828894
Morocco,MAR,2012,12864561
Morocco,MAR,2013,-3205120.5
Morocco,MAR,2014,-4911738.5
Morocco,MAR,2015,31848698
Morocco,MAR,2016,22722552
Morocco,MAR,2017,2646690.5
Morocco,MAR,2018,-16954062
Morocco,MAR,2019,13605128
Morocco,MAR,2020,697442.4
Mozambique,MOZ,2010,53041310
Mozambique,MOZ,2011,40442096
Mozambique,MOZ,2012,35958056
Mozambique,MOZ,2013,33507024
Mozambique,MOZ,2014,30486496
Mozambique,MOZ,2015,30391524
Mozambique,MOZ,2016,35068840
Mozambique,MOZ,2017,39728610
Mozambique,MOZ,2018,28064666
Mozambique,MOZ,2019,28618258
Mozambique,MOZ,2020,28267760
Myanmar,MMR,2010,126072520
Myanmar,MMR,2011,109740320
Myanmar,MMR,2012,106513330
Myanmar,MMR,2013,101184950
Myanmar,MMR,2014,104915490
Myanmar,MMR,2015,98679180
Myanmar,MMR,2016,99743496
Myanmar,MMR,2017,92312024
Myanmar,MMR,2018,76692060
Myanmar,MMR,2019,70076900
Myanmar,MMR,2020,66186828
Namibia,NAM,2010,3743509
Namibia,NAM,2011,3296207.8
Namibia,NAM,2012,3297966.2
Namibia,NAM,2013,3224649.8
Namibia,NAM,2014,3158184.8
Namibia,NAM,2015,3380040
Namibia,NAM,2016,3291334.5
Namibia,NAM,2017,3200650.5
Namibia,NAM,2018,3289099.5
Namibia,NAM,2019,3843462.8
Namibia,NAM,2020,4505218
Nauru,NRU,2010,0
Nauru,NRU,2011,0
Nauru,NRU,2012,0
Nauru,NRU,2013,0
Nauru,NRU,2014,0
Nauru,NRU,2015,0
Nauru,NRU,2016,0
Nauru,NRU,2017,0
Nauru,NRU,2018,0
Nauru,NRU,2019,0
Nauru,NRU,2020,0
Nepal,NPL,2010,16281790
Nepal,NPL,2011,13557056
Nepal,NPL,2012,11360708
Nepal,NPL,2013,7292642.5
Nepal,NPL,2014,8514586
Nepal,NPL,2015,13123789
Nepal,NPL,2016,13708416
Nepal,NPL,2017,15663344
Nepal,NPL,2018,13003902
Nepal,NPL,2019,13578125
Nepal,NPL,2020,14485221
Netherlands,NLD,2010,5710967
Netherlands,NLD,2011,4854690
Netherlands,NLD,2012,6298965.5
Netherlands,NLD,2013,5587050.5
Netherlands,NLD,2014,6122837
Netherlands,NLD,2015,5646957
Netherlands,NLD,2016,5898454
Netherlands,NLD,2017,5675096.5
Netherlands,NLD,2018,5267330
Netherlands,NLD,2019,5170307
Netherlands,NLD,2020,633322.4
New Zealand,NZL,2010,13397782
New Zealand,NZL,2011,16139774
New Zealand,NZL,2012,15475894
New Zealand,NZL,2013,17100400
New Zealand,NZL,2014,12951214
New Zealand,NZL,2015,16371009
New Zealand,NZL,2016,14127578
New Zealand,NZL,2017,18872678
New Zealand,NZL,2018,20117266
New Zealand,NZL,2019,17137296
New Zealand,NZL,2020,19238382
Nicaragua,NIC,2010,11150432
Nicaragua,NIC,2011,8509493
Nicaragua,NIC,2012,8500957
Nicaragua,NIC,2013,6879856
Nicaragua,NIC,2014,5594598
Nicaragua,NIC,2015,11492246
Nicaragua,NIC,2016,12500798
Nicaragua,NIC,2017,13048273
Nicaragua,NIC,2018,8397558
Nicaragua,NIC,2019,7657283.5
Nicaragua,NIC,2020,6777704
Niger,NER,2010,31182546
Niger,NER,2011,39927820
Niger,NER,2012,54013772
Niger,NER,2013,30722970
Niger,NER,2014,28100096
Niger,NER,2015,40635336
Niger,NER,2016,33380100
Niger,NER,2017,22356812
Niger,NER,2018,14497458
Niger,NER,2019,10364870
Niger,NER,2020,8007012
Nigeria,NGA,2010,54360788
Nigeria,NGA,2011,33648892
Nigeria,NGA,2012,34720396
Nigeria,NGA,2013,28697474
Nigeria,NGA,2014,18872566
Nigeria,NGA,2015,16200889
Nigeria,NGA,2016,12047892
Nigeria,NGA,2017,20014526
Nigeria,NGA,2018,36468304
Nigeria,NGA,2019,12434150
Nigeria,NGA,2020,2639582.2
Niue,NIU,2010,0
Niue,NIU,2011,0
Niue,NIU,2012,0
Niue,NIU,2013,0
Niue,NIU,2014,0
Niue,NIU,2015,0
Niue,NIU,2016,0
Niue,NIU,2017,0
Niue,NIU,2018,0
Niue,NIU,2019,0
Niue,NIU,2020,0
North America,,2010,179085260
North America,,2011,115614610
North America,,2012,209245400
North America,,2013,155906690
North America,,2014,333864320
North America,,2015,267350020
North America,,2016,257826290
North America,,2017,316660830
North America,,2018,191716000
North America,,2019,264942220
North America,,2020,216382290
North America (excl. USA),,2010,193061260
North America (excl. USA),,2011,208982500
North America (excl. USA),,2012,191414510
North America (excl. USA),,2013,194103630
North America (excl. USA),,2014,277852350
North America (excl. USA),,2015,234035950
North America (excl. USA),,2016,182480720
North America (excl. USA),,2017,190563620
North America (excl. USA),,2018,118615140
North America (excl. USA),,2019,206779090
North America (excl. USA),,2020,158398640
North Korea,PRK,2010,-5396119.5
North Korea,PRK,2011,-3658137.5
North Korea,PRK,2012,-4124894.5
North Korea,PRK,2013,-4347446
North Korea,PRK,2014,-4570144
North Korea,PRK,2015,-3705843
North Korea,PRK,2016,-5057529
North Korea,PRK,2017,-4781630
North Korea,PRK,2018,-4807388
North Korea,PRK,2019,-4690249.5
North Korea,PRK,2020,-4525699.5
North Macedonia,MKD,2010,1153610.4
North Macedonia,MKD,2011,11235070
North Macedonia,MKD,2012,4067516.2
North Macedonia,MKD,2013,2574253
North Macedonia,MKD,2014,2097749.8
North Macedonia,MKD,2015,2102220
North Macedonia,MKD,2016,1386897.4
North Macedonia,MKD,2017,1025956.7
North Macedonia,MKD,2018,935968.8
North Macedonia,MKD,2019,449939.2
North Macedonia,MKD,2020,220352.95
Norway,NOR,2010,3306137
Norway,NOR,2011,3227068
Norway,NOR,2012,3364651
Norway,NOR,2013,3932168
Norway,NOR,2014,4252878
Norway,NOR,2015,4566076.5
Norway,NOR,2016,4856485.5
Norway,NOR,2017,5280850
Norway,NOR,2018,5352994
Norway,NOR,2019,5742550.5
Norway,NOR,2020,5782854.5
Oceania,,2010,573517760
Oceania,,2011,319778340
Oceania,,2012,196969900
Oceania,,2013,216488580
Oceania,,2014,140790960
Oceania,,2015,91761176
Oceania,,2016,176382540
Oceania,,2017,152278450
Oceania,,2018,101928264
Oceania,,2019,86607980
Oceania,,2020,139395820
Oman,OMN,2010,118970.08
Oman,OMN,2011,37409.44
Oman,OMN,2012,-17477.28
Oman,OMN,2013,-4323.52
Oman,OMN,2014,338480.3
Oman,OMN,2015,222478.08
Oman,OMN,2016,519225.44
Oman,OMN,2017,482402.25
Oman,OMN,2018,323641.12
Oman,OMN,2019,190711.19
Oman,OMN,2020,340312.34
Pakistan,PAK,2010,18155304
Pakistan,PAK,2011,13213227
Pakistan,PAK,2012,15340765
Pakistan,PAK,2013,7525379.5
Pakistan,PAK,2014,3263891.2
Pakistan,PAK,2015,27172444
Pakistan,PAK,2016,24403084
Pakistan,PAK,2017,15013606
Pakistan,PAK,2018,9974140
Pakistan,PAK,2019,7254060.5
Pakistan,PAK,2020,5709391.5
Palau,PLW,2010,0
Palau,PLW,2011,0
Palau,PLW,2012,0
Palau,PLW,2013,0
Palau,PLW,2014,0
Palau,PLW,2015,0
Palau,PLW,2016,0
Palau,PLW,2017,0
Palau,PLW,2018,0
Palau,PLW,2019,0
Palau,PLW,2020,0
Palestine,PSE,2010,-185984.64
Palestine,PSE,2011,-78556.16
Palestine,PSE,2012,-3517.44
Palestine,PSE,2013,-9526.4
Palestine,PSE,2014,43931.36
Palestine,PSE,2015,-25977.76
Palestine,PSE,2016,477272.66
Palestine,PSE,2017,368635.06
Palestine,PSE,2018,173636.95
Palestine,PSE,2019,87093.28
Palestine,PSE,2020,16964.32
Panama,PAN,2010,10987273
Panama,PAN,2011,3851230.5
Panama,PAN,2012,6494916
Panama,PAN,2013,5724487
Panama,PAN,2014,3680854.5
Panama,PAN,2015,4053703
Panama,PAN,2016,4434576
Panama,PAN,2017,6419218.5
Panama,PAN,2018,3728633
Panama,PAN,2019,4086056.2
Panama,PAN,2020,5141251.5
Papua New Guinea,PNG,2010,31128684
Papua New Guinea,PNG,2011,32354476
Papua New Guinea,PNG,2012,20786312
Papua New Guinea,PNG,2013,32988642
Papua New Guinea,PNG,2014,39713330
Papua New Guinea,PNG,2015,33268460
Papua New Guinea,PNG,2016,67108252
Papua New Guinea,PNG,2017,42215436
Papua New Guinea,PNG,2018,28069722
Papua New Guinea,PNG,2019,27294894
Papua New Guinea,PNG,2020,30864252
Paraguay,PRY,2010,65022332
Paraguay,PRY,2011,79152880
Paraguay,PRY,2012,65548708
Paraguay,PRY,2013,74614980
Paraguay,PRY,2014,76431224
Paraguay,PRY,2015,46631068
Paraguay,PRY,2016,36433644
Paraguay,PRY,2017,34321052
Paraguay,PRY,2018,24746546
Paraguay,PRY,2019,19781020
Paraguay,PRY,2020,16455206
Peru,PER,2010,60547270
Peru,PER,2011,61556076
Peru,PER,2012,45779996
Peru,PER,2013,35072612
Peru,PER,2014,29996656
Peru,PER,2015,8830020
Peru,PER,2016,12098271
Peru,PER,2017,14806480
Peru,PER,2018,10793301
Peru,PER,2019,5767905.5
Peru,PER,2020,6806576
Philippines,PHL,2010,88746070
Philippines,PHL,2011,98878830
Philippines,PHL,2012,73321180
Philippines,PHL,2013,70368360
Philippines,PHL,2014,58226896
Philippines,PHL,2015,50804036
Philippines,PHL,2016,47792630
Philippines,PHL,2017,40139930
Philippines,PHL,2018,31879364
Philippines,PHL,2019,29299798
Philippines,PHL,2020,27948480
Poland,POL,2010,-33447264
Poland,POL,2011,-49649620
Poland,POL,2012,-52345588
Poland,POL,2013,-47315904
Poland,POL,2014,-47839270
Poland,POL,2015,-46657816
Poland,POL,2016,-43778240
Poland,POL,2017,-42510790
Poland,POL,2018,-34278588
Poland,POL,2019,-30699410
Poland,POL,2020,-35397760
Portugal,PRT,2010,-6844389
Portugal,PRT,2011,-4896386.5
Portugal,PRT,2012,-2084193.1
Portugal,PRT,2013,-4024904
Portugal,PRT,2014,-4426991.5
Portugal,PRT,2015,-4745649.5
Portugal,PRT,2016,-3150453.8
Portugal,PRT,2017,-1788948
Portugal,PRT,2018,-254464.8
Portugal,PRT,2019,-226655.03
Portugal,PRT,2020,-118750.234
Qatar,QAT,2010,38581.918
Qatar,QAT,2011,35870.56
Qatar,QAT,2012,37702.56
Qatar,QAT,2013,41036.797
Qatar,QAT,2014,23376.32
Qatar,QAT,2015,15388.8
Qatar,QAT,2016,33965.28
Qatar,QAT,2017,19712.32
Qatar,QAT,2018,13446.88
Qatar,QAT,2019,9672.96
Qatar,QAT,2020,8793.601
Romania,ROU,2010,-889875.7
Romania,ROU,2011,-9496355
Romania,ROU,2012,-1135107.2
Romania,ROU,2013,-6672290.5
Romania,ROU,2014,-5889184
Romania,ROU,2015,-12701622
Romania,ROU,2016,-14362477
Romania,ROU,2017,-15453579
Romania,ROU,2018,-5023857
Romania,ROU,2019,-13171823
Romania,ROU,2020,-13309077
Russia,RUS,2010,395009250
Russia,RUS,2011,77668740
Russia,RUS,2012,376652830
Russia,RUS,2013,238871650
Russia,RUS,2014,106930390
Russia,RUS,2015,399949120
Russia,RUS,2016,411832930
Russia,RUS,2017,377207700
Russia,RUS,2018,372467680
Russia,RUS,2019,218800820
Russia,RUS,2020,306398200
Rwanda,RWA,2010,4326341.5
Rwanda,RWA,2011,4697211.5
Rwanda,RWA,2012,4569081.5
Rwanda,RWA,2013,4509944.5
Rwanda,RWA,2014,3802572.5
Rwanda,RWA,2015,3338527
Rwanda,RWA,2016,3102418.8
Rwanda,RWA,2017,2691537.8
Rwanda,RWA,2018,2411095.2
Rwanda,RWA,2019,2222362.8
Rwanda,RWA,2020,2101560.5
Saint Kitts and Nevis,KNA,2010,-31327.201
Saint Kitts and Nevis,KNA,2011,-65732.16
Saint Kitts and Nevis,KNA,2012,-55949.28
Saint Kitts and Nevis,KNA,2013,-70935.04
Saint Kitts and Nevis,KNA,2014,-71448
Saint Kitts and Nevis,KNA,2015,-74305.92
Saint Kitts and Nevis,KNA,2016,-63753.6
Saint Kitts and Nevis,KNA,2017,-69066.4
Saint Kitts and Nevis,KNA,2018,-68773.28
Saint Kitts and Nevis,KNA,2019,-67197.766
Saint Kitts and Nevis,KNA,2020,-65182.562
Saint Lucia,LCA,2010,-169569.92
Saint Lucia,LCA,2011,-153118.56
Saint Lucia,LCA,2012,-121205.125
Saint Lucia,LCA,2013,-101895.836
Saint Lucia,LCA,2014,-121058.555
Saint Lucia,LCA,2015,-77786.72
Saint Lucia,LCA,2016,-110872.64
Saint Lucia,LCA,2017,-113254.24
Saint Lucia,LCA,2018,-114609.92
Saint Lucia,LCA,2019,-111568.8
Saint Lucia,LCA,2020,-107868.164
Saint Vincent and the Grenadines,VCT,2010,-6815.04
Saint Vincent and the Grenadines,VCT,2011,-37079.68
Saint Vincent and the Grenadines,VCT,2012,-30008.162
Saint Vincent and the Grenadines,VCT,2013,228780.16
Saint Vincent and the Grenadines,VCT,2014,27626.56
Saint Vincent and the Grenadines,VCT,2015,-24328.959
Saint Vincent and the Grenadines,VCT,2016,-44737.44
Saint Vincent and the Grenadines,VCT,2017,-55143.2
Saint Vincent and the Grenadines,VCT,2018,-61262.082
Saint Vincent and the Grenadines,VCT,2019,-64706.24
Saint Vincent and the Grenadines,VCT,2020,-66391.68
Samoa,WSM,2010,111385.6
Samoa,WSM,2011,272564.97
Samoa,WSM,2012,403699.5
Samoa,WSM,2013,521607.03
Samoa,WSM,2014,640174.1
Samoa,WSM,2015,372115.8
Samoa,WSM,2016,175249.12
Samoa,WSM,2017,121864.63
Samoa,WSM,2018,84345.27
Samoa,WSM,2019,55839.36
Samoa,WSM,2020,33379.04
San Marino,SMR,2010,-13336.96
San Marino,SMR,2011,-12457.601
San Marino,SMR,2012,-15315.5205
San Marino,SMR,2013,-15755.2
San Marino,SMR,2014,-16011.681
San Marino,SMR,2015,-15205.6
San Marino,SMR,2016,-13373.601
San Marino,SMR,2017,-15315.5205
San Marino,SMR,2018,366.4
San Marino,SMR,2019,-10222.561
San Marino,SMR,2020,-12127.84
Sao Tome and Principe,STP,2010,180048.95
Sao Tome and Principe,STP,2011,133369.61
Sao Tome and Principe,STP,2012,3993.76
Sao Tome and Principe,STP,2013,198478.89
Sao Tome and Principe,STP,2014,50746.4
Sao Tome and Principe,STP,2015,378454.56
Sao Tome and Principe,STP,2016,233726.56
Sao Tome and Principe,STP,2017,68809.92
Sao Tome and Principe,STP,2018,68223.68
Sao Tome and Principe,STP,2019,28139.52
Sao Tome and Principe,STP,2020,19199.36
Saudi Arabia,SAU,2010,-1558702.2
Saudi Arabia,SAU,2011,-1640262.9
Saudi Arabia,SAU,2012,-1753993.4
Saudi Arabia,SAU,2013,5977523
Saudi Arabia,SAU,2014,3873141.2
Saudi Arabia,SAU,2015,1597723.9
Saudi Arabia,SAU,2016,1278113.1
Saudi Arabia,SAU,2017,1516383
Saudi Arabia,SAU,2018,250983.98
Saudi Arabia,SAU,2019,-236657.77
Saudi Arabia,SAU,2020,-336941.44
Senegal,SEN,2010,356177.44
Senegal,SEN,2011,-1518361.6
Senegal,SEN,2012,-1878716.1
Senegal,SEN,2013,-1829398.5
Senegal,SEN,2014,16751184
Senegal,SEN,2015,7223906
Senegal,SEN,2016,5463354
Senegal,SEN,2017,3146386.8
Senegal,SEN,2018,1964820
Senegal,SEN,2019,1254150.6
Senegal,SEN,2020,856240.1
Serbia,SRB,2010,-24835618
Serbia,SRB,2011,-25474106
Serbia,SRB,2012,-23801784
Serbia,SRB,2013,-22424888
Serbia,SRB,2014,-22068858
Serbia,SRB,2015,-20314206
Serbia,SRB,2016,-20416102
Serbia,SRB,2017,-17979028
Serbia,SRB,2018,-18240528
Serbia,SRB,2019,-16208145
Serbia,SRB,2020,-16122479
Seychelles,SYC,2010,0
Seychelles,SYC,2011,0
Seychelles,SYC,2012,0
Seychelles,SYC,2013,0
Seychelles,SYC,2014,0
Seychelles,SYC,2015,0
Seychelles,SYC,2016,0
Seychelles,SYC,2017,0
Seychelles,SYC,2018,0
Seychelles,SYC,2019,0
Seychelles,SYC,2020,0
Sierra Leone,SLE,2010,38758530
Sierra Leone,SLE,2011,23173042
Sierra Leone,SLE,2012,24917984
Sierra Leone,SLE,2013,17392054
Sierra Leone,SLE,2014,13902461
Sierra Leone,SLE,2015,12185512
Sierra Leone,SLE,2016,11714468
Sierra Leone,SLE,2017,10692614
Sierra Leone,SLE,2018,9601035
Sierra Leone,SLE,2019,8898097
Sierra Leone,SLE,2020,8638943
Singapore,SGP,2010,176018.56
Singapore,SGP,2011,247466.55
Singapore,SGP,2012,216139.36
Singapore,SGP,2013,144361.6
Singapore,SGP,2014,333680.47
Singapore,SGP,2015,133039.83
Singapore,SGP,2016,98231.836
Singapore,SGP,2017,75771.516
Singapore,SGP,2018,71154.88
Singapore,SGP,2019,80608
Singapore,SGP,2020,85224.64
Slovakia,SVK,2010,2615143.2
Slovakia,SVK,2011,2896648.5
Slovakia,SVK,2012,2275673.8
Slovakia,SVK,2013,2649145.2
Slovakia,SVK,2014,3137410
Slovakia,SVK,2015,3876878.2
Slovakia,SVK,2016,4902542
Slovakia,SVK,2017,3760729.5
Slovakia,SVK,2018,2116986
Slovakia,SVK,2019,1259829.8
Slovakia,SVK,2020,619142.75
Slovenia,SVN,2010,3356847
Slovenia,SVN,2011,3624868.5
Slovenia,SVN,2012,4375439
Slovenia,SVN,2013,3841301
Slovenia,SVN,2014,3535393.8
Slovenia,SVN,2015,3577383
Slovenia,SVN,2016,3478271.8
Slovenia,SVN,2017,3509892
Slovenia,SVN,2018,2701943.5
Slovenia,SVN,2019,2950399.2
Slovenia,SVN,2020,2279630.8
Solomon Islands,SLB,2010,5733977
Solomon Islands,SLB,2011,5162136.5
Solomon Islands,SLB,2012,4272407
Solomon Islands,SLB,2013,8897731
Solomon Islands,SLB,2014,6226088.5
Solomon Islands,SLB,2015,7684836.5
Solomon Islands,SLB,2016,6922908
Solomon Islands,SLB,2017,7234934
Solomon Islands,SLB,2018,6058424
Solomon Islands,SLB,2019,5541250.5
Solomon Islands,SLB,2020,5118242
Somalia,SOM,2010,18202094
Somalia,SOM,2011,18487920
Somalia,SOM,2012,24687594
Somalia,SOM,2013,20314646
Somalia,SOM,2014,18106536
Somalia,SOM,2015,17432910
Somalia,SOM,2016,17341822
Somalia,SOM,2017,17660662
Somalia,SOM,2018,18279476
Somalia,SOM,2019,19023928
Somalia,SOM,2020,19882220
South Africa,ZAF,2010,10934219
South Africa,ZAF,2011,7123256
South Africa,ZAF,2012,8478166
South Africa,ZAF,2013,5229810.5
South Africa,ZAF,2014,1685879.6
South Africa,ZAF,2015,1327064.2
South Africa,ZAF,2016,-670658.56
South Africa,ZAF,2017,-3785718.2
South Africa,ZAF,2018,-2603052
South Africa,ZAF,2019,-801023.7
South Africa,ZAF,2020,-520507.8
South America,,2010,1507307300
South America,,2011,1614260000
South America,,2012,1852063200
South America,,2013,1678378500
South America,,2014,1714532200
South America,,2015,1579166000
South America,,2016,1418974700
South America,,2017,1406974200
South America,,2018,1419028100
South America,,2019,1461706200
South America,,2020,1499150600
South Korea,KOR,2010,-18759680
South Korea,KOR,2011,-15052518
South Korea,KOR,2012,-16395117
South Korea,KOR,2013,-16470157
South Korea,KOR,2014,-15989440
South Korea,KOR,2015,-16194513
South Korea,KOR,2016,-16031026
South Korea,KOR,2017,-15979473
South Korea,KOR,2018,-15749154
South Korea,KOR,2019,-15503299
South Korea,KOR,2020,-15479337
South Sudan,SSD,2010,20479598
South Sudan,SSD,2011,-1831157.2
South Sudan,SSD,2012,27906344
South Sudan,SSD,2013,23494998
South Sudan,SSD,2014,21690990
South Sudan,SSD,2015,15284669
South Sudan,SSD,2016,9848576
South Sudan,SSD,2017,16663506
South Sudan,SSD,2018,-11289626
South Sudan,SSD,2019,17801288
South Sudan,SSD,2020,18199638
Spain,ESP,2010,-28872248
Spain,ESP,2011,12189102
Spain,ESP,2012,-15817524
Spain,ESP,2013,-14875363
Spain,ESP,2014,-15967163
Spain,ESP,2015,-21404210
Spain,ESP,2016,-19955720
Spain,ESP,2017,-15106636
Spain,ESP,2018,-15037240
Spain,ESP,2019,-14552858
Spain,ESP,2020,-12929523
Sri Lanka,LKA,2010,37349680
Sri Lanka,LKA,2011,24928756
Sri Lanka,LKA,2012,17226846
Sri Lanka,LKA,2013,13324723
Sri Lanka,LKA,2014,11136289
Sri Lanka,LKA,2015,14073974
Sri Lanka,LKA,2016,12668133
Sri Lanka,LKA,2017,9450848
Sri Lanka,LKA,2018,7574184
Sri Lanka,LKA,2019,6505908.5
Sri Lanka,LKA,2020,5832978
Sudan,SDN,2010,77740960
Sudan,SDN,2011,164186180
Sudan,SDN,2012,96621910
Sudan,SDN,2013,59922010
Sudan,SDN,2014,66027736
Sudan,SDN,2015,52692900
Sudan,SDN,2016,45173420
Sudan,SDN,2017,45196904
Sudan,SDN,2018,20382282
Sudan,SDN,2019,22500916
Sudan,SDN,2020,18843402
Suriname,SUR,2010,2238411
Suriname,SUR,2011,1127596
Suriname,SUR,2012,4374413
Suriname,SUR,2013,3920406.8
Suriname,SUR,2014,2333784.8
Suriname,SUR,2015,1723142.6
Suriname,SUR,2016,1783305.5
Suriname,SUR,2017,1764875.5
Suriname,SUR,2018,1680383.8
Suriname,SUR,2019,1676573.1
Suriname,SUR,2020,1292146.2
Sweden,SWE,2010,1718562.6
Sweden,SWE,2011,1127925.8
Sweden,SWE,2012,1374586.2
Sweden,SWE,2013,1366195.6
Sweden,SWE,2014,2144026.2
Sweden,SWE,2015,2646580.5
Sweden,SWE,2016,3160859.5
Sweden,SWE,2017,4473231
Sweden,SWE,2018,4617739.5
Sweden,SWE,2019,5165727
Sweden,SWE,2020,5528389.5
Switzerland,CHE,2010,-286414.88
Switzerland,CHE,2011,-339066.56
Switzerland,CHE,2012,-327561.6
Switzerland,CHE,2013,-154694.08
Switzerland,CHE,2014,-307776
Switzerland,CHE,2015,-295758.1
Switzerland,CHE,2016,-396371.53
Switzerland,CHE,2017,-171988.16
Switzerland,CHE,2018,-257799.03
Switzerland,CHE,2019,-450928.5
Switzerland,CHE,2020,-387211.5
Syria,SYR,2010,595473.3
Syria,SYR,2011,698688.1
Syria,SYR,2012,142712.8
Syria,SYR,2013,-100137.12
Syria,SYR,2014,-496435.38
Syria,SYR,2015,-517613.28
Syria,SYR,2016,-235998.25
Syria,SYR,2017,-352696.62
Syria,SYR,2018,-761415.8
Syria,SYR,2019,-682603.2
Syria,SYR,2020,-676557.6
Tajikistan,TJK,2010,-340935.22
Tajikistan,TJK,2011,-405128.47
Tajikistan,TJK,2012,1375282.4
Tajikistan,TJK,2013,2246508.2
Tajikistan,TJK,2014,2826666
Tajikistan,TJK,2015,3136677
Tajikistan,TJK,2016,3406384.2
Tajikistan,TJK,2017,1983909.4
Tajikistan,TJK,2018,1181640
Tajikistan,TJK,2019,822421.44
Tajikistan,TJK,2020,587815.5
Tanzania,TZA,2010,168292460
Tanzania,TZA,2011,129081880
Tanzania,TZA,2012,119120970
Tanzania,TZA,2013,106082360
Tanzania,TZA,2014,114611280
Tanzania,TZA,2015,104041660
Tanzania,TZA,2016,100094430
Tanzania,TZA,2017,92011800
Tanzania,TZA,2018,70385700
Tanzania,TZA,2019,56035236
Tanzania,TZA,2020,47098780
Thailand,THA,2010,105360850
Thailand,THA,2011,81858090
Thailand,THA,2012,64354570
Thailand,THA,2013,57575070
Thailand,THA,2014,68307220
Thailand,THA,2015,53689910
Thailand,THA,2016,47365076
Thailand,THA,2017,44956400
Thailand,THA,2018,39809252
Thailand,THA,2019,37245988
Thailand,THA,2020,35445460
Togo,TGO,2010,5308036.5
Togo,TGO,2011,13217587
Togo,TGO,2012,7016193.5
Togo,TGO,2013,4492357
Togo,TGO,2014,3908681.8
Togo,TGO,2015,2961391.2
Togo,TGO,2016,1803714
Togo,TGO,2017,2580152.2
Togo,TGO,2018,1192705.2
Togo,TGO,2019,664576.3
Togo,TGO,2020,285169.12
Tonga,TON,2010,22130.56
Tonga,TON,2011,75588.32
Tonga,TON,2012,47741.92
Tonga,TON,2013,96289.92
Tonga,TON,2014,93908.32
Tonga,TON,2015,68443.52
Tonga,TON,2016,55069.92
Tonga,TON,2017,45946.56
Tonga,TON,2018,39021.598
Tonga,TON,2019,33452.32
Tonga,TON,2020,28542.56
Trinidad and Tobago,TTO,2010,-730088.6
Trinidad and Tobago,TTO,2011,-700007.2
Trinidad and Tobago,TTO,2012,-637829.1
Trinidad and Tobago,TTO,2013,-590563.56
Trinidad and Tobago,TTO,2014,-496325.47
Trinidad and Tobago,TTO,2015,-365410.72
Trinidad and Tobago,TTO,2016,-340239.03
Trinidad and Tobago,TTO,2017,-323238.1
Trinidad and Tobago,TTO,2018,-305724.16
Trinidad and Tobago,TTO,2019,-284069.9
Trinidad and Tobago,TTO,2020,-263221.78
Tunisia,TUN,2010,6420390.5
Tunisia,TUN,2011,2112332.8
Tunisia,TUN,2012,3212925
Tunisia,TUN,2013,-1418957.2
Tunisia,TUN,2014,-1626229.8
Tunisia,TUN,2015,-448327.03
Tunisia,TUN,2016,2612761.8
Tunisia,TUN,2017,1493263.2
Tunisia,TUN,2018,781274.7
Tunisia,TUN,2019,499696.3
Tunisia,TUN,2020,393696.8
Turkey,TUR,2010,-45820812
Turkey,TUR,2011,-29084392
Turkey,TUR,2012,-29630440
Turkey,TUR,2013,-19828286
Turkey,TUR,2014,-23959336
Turkey,TUR,2015,-18057218
Turkey,TUR,2016,-19187122
Turkey,TUR,2017,-14653288
Turkey,TUR,2018,-40350420
Turkey,TUR,2019,-33074964
Turkey,TUR,2020,-29979216
Turkmenistan,TKM,2010,-861406.4
Turkmenistan,TKM,2011,-782264
Turkmenistan,TKM,2012,-710522.9
Turkmenistan,TKM,2013,-621597.6
Turkmenistan,TKM,2014,-542418.56
Turkmenistan,TKM,2015,-475733.75
Turkmenistan,TKM,2016,-427112.5
Turkmenistan,TKM,2017,-332104.97
Turkmenistan,TKM,2018,-111495.52
Turkmenistan,TKM,2019,-160226.72
Turkmenistan,TKM,2020,-181954.25
Tuvalu,TUV,2010,0
Tuvalu,TUV,2011,0
Tuvalu,TUV,2012,0
Tuvalu,TUV,2013,0
Tuvalu,TUV,2014,0
Tuvalu,TUV,2015,0
Tuvalu,TUV,2016,0
Tuvalu,TUV,2017,0
Tuvalu,TUV,2018,0
Tuvalu,TUV,2019,0
Tuvalu,TUV,2020,0
Uganda,UGA,2010,19208850
Uganda,UGA,2011,16164505
Uganda,UGA,2012,12855108
Uganda,UGA,2013,10551551
Uganda,UGA,2014,8807121
Uganda,UGA,2015,6378841
Uganda,UGA,2016,6156472.5
Uganda,UGA,2017,5124250.5
Uganda,UGA,2018,4852711.5
Uganda,UGA,2019,4659325.5
Uganda,UGA,2020,4064475.2
Ukraine,UKR,2010,4629244
Ukraine,UKR,2011,3012650.8
Ukraine,UKR,2012,19803444
Ukraine,UKR,2013,9832674
Ukraine,UKR,2014,7253291
Ukraine,UKR,2015,17664292
Ukraine,UKR,2016,8871606
Ukraine,UKR,2017,5578696.5
Ukraine,UKR,2018,4059309
Ukraine,UKR,2019,3544590.2
Ukraine,UKR,2020,3275982.5
United Arab Emirates,ARE,2010,-212218.89
United Arab Emirates,ARE,2011,-204231.36
United Arab Emirates,ARE,2012,-170742.39
United Arab Emirates,ARE,2013,-131794.08
United Arab Emirates,ARE,2014,-104350.73
United Arab Emirates,ARE,2015,-89364.96
United Arab Emirates,ARE,2016,-71521.28
United Arab Emirates,ARE,2017,-62031.523
United Arab Emirates,ARE,2018,-53970.72
United Arab Emirates,ARE,2019,-47632
United Arab Emirates,ARE,2020,-31437.121
United Kingdom,GBR,2010,6867801.5
United Kingdom,GBR,2011,10682612
United Kingdom,GBR,2012,17036024
United Kingdom,GBR,2013,15913192
United Kingdom,GBR,2014,12032210
United Kingdom,GBR,2015,19913950
United Kingdom,GBR,2016,19141102
United Kingdom,GBR,2017,13583364
United Kingdom,GBR,2018,18842780
United Kingdom,GBR,2019,11504081
United Kingdom,GBR,2020,9097492
United States,USA,2010,-13975998
United States,USA,2011,-93367880
United States,USA,2012,17830892
United States,USA,2013,-38196944
United States,USA,2014,56011972
United States,USA,2015,33314076
United States,USA,2016,75345576
United States,USA,2017,126097224
United States,USA,2018,73100870
United States,USA,2019,58163140
United States,USA,2020,57983640
Upper-middle-income countries,,2010,2397354200
Upper-middle-income countries,,2011,2695992000
Upper-middle-income countries,,2012,2987360000
Upper-middle-income countries,,2013,2783156700
Upper-middle-income countries,,2014,3067851500
Upper-middle-income countries,,2015,3222509300
Upper-middle-income countries,,2016,2073008600
Upper-middle-income countries,,2017,1898901100
Upper-middle-income countries,,2018,1916663600
Upper-middle-income countries,,2019,2215415600
Upper-middle-income countries,,2020,1768495600
Uruguay,URY,2010,26849940
Uruguay,URY,2011,12559569
Uruguay,URY,2012,16120318
Uruguay,URY,2013,16767087
Uruguay,URY,2014,11947644
Uruguay,URY,2015,4371811.5
Uruguay,URY,2016,2753789
Uruguay,URY,2017,2613824.2
Uruguay,URY,2018,2413623.2
Uruguay,URY,2019,1997209.9
Uruguay,URY,2020,1602230.6
Uzbekistan,UZB,2010,-3730538.2
Uzbekistan,UZB,2011,-3609516.2
Uzbekistan,UZB,2012,-3949755.5
Uzbekistan,UZB,2013,-3268544.5
Uzbekistan,UZB,2014,-2127904.8
Uzbekistan,UZB,2015,-2006956
Uzbekistan,UZB,2016,-1887729.4
Uzbekistan,UZB,2017,-1578854.2
Uzbekistan,UZB,2018,-1560497.6
Uzbekistan,UZB,2019,-1329848.8
Uzbekistan,UZB,2020,-1189261.1
Vanuatu,VUT,2010,-685168
Vanuatu,VUT,2011,-1200033.4
Vanuatu,VUT,2012,-1043983.5
Vanuatu,VUT,2013,-1372974.1
Vanuatu,VUT,2014,-1348498.5
Vanuatu,VUT,2015,-1231507
Vanuatu,VUT,2016,-1217986.9
Vanuatu,VUT,2017,756103
Vanuatu,VUT,2018,-537325.6
Vanuatu,VUT,2019,-958868.8
Vanuatu,VUT,2020,-935492.5
Vatican,VAT,2010,-73.28
Vatican,VAT,2011,-36.64
Vatican,VAT,2012,-36.64
Vatican,VAT,2013,-36.64
Vatican,VAT,2014,-36.64
Vatican,VAT,2015,-36.64
Vatican,VAT,2016,-36.64
Vatican,VAT,2017,-36.64
Vatican,VAT,2018,0
Vatican,VAT,2019,-36.64
Vatican,VAT,2020,-36.64
Venezuela,VEN,2010,8826320
Venezuela,VEN,2011,10858117
Venezuela,VEN,2012,17579908
Venezuela,VEN,2013,12726867
Venezuela,VEN,2014,3703351.5
Venezuela,VEN,2015,7281174.5
Venezuela,VEN,2016,6120785
Venezuela,VEN,2017,17579798
Venezuela,VEN,2018,21064372
Venezuela,VEN,2019,8805361
Venezuela,VEN,2020,7525379.5
Vietnam,VNM,2010,123560370
Vietnam,VNM,2011,106162230
Vietnam,VNM,2012,105666750
Vietnam,VNM,2013,110541704
Vietnam,VNM,2014,352847500
Vietnam,VNM,2015,211367040
Vietnam,VNM,2016,156677400
Vietnam,VNM,2017,133369410
Vietnam,VNM,2018,113943100
Vietnam,VNM,2019,103355944
Vietnam,VNM,2020,98146984
World,OWID_WRL,2010,5487911400
World,OWID_WRL,2011,5278267000
World,OWID_WRL,2012,5651894000
World,OWID_WRL,2013,5116153300
World,OWID_WRL,2014,5396192000
World,OWID_WRL,2015,5531586600
World,OWID_WRL,2016,4406253000
World,OWID_WRL,2017,4231022300
World,OWID_WRL,2018,3844717600
World,OWID_WRL,2019,3786743800
World,OWID_WRL,2020,3438993700
Yemen,YEM,2010,-563230.1
Yemen,YEM,2011,622843.4
Yemen,YEM,2012,-259447.83
Yemen,YEM,2013,-1083078.4
Yemen,YEM,2014,-1256971.8
Yemen,YEM,2015,-1723545.6
Yemen,YEM,2016,797066.56
Yemen,YEM,2017,51845.6
Yemen,YEM,2018,-201153.61
Yemen,YEM,2019,-256406.73
Yemen,YEM,2020,-232993.75
Zambia,ZMB,2010,116400920
Zambia,ZMB,2011,122504856
Zambia,ZMB,2012,97660660
Zambia,ZMB,2013,84553096
Zambia,ZMB,2014,78137030
Zambia,ZMB,2015,75003100
Zambia,ZMB,2016,78739730
Zambia,ZMB,2017,77143020
Zambia,ZMB,2018,69430780
Zambia,ZMB,2019,64127510
Zambia,ZMB,2020,59026932
Zimbabwe,ZWE,2010,34103190
Zimbabwe,ZWE,2011,20450542
Zimbabwe,ZWE,2012,16349903
Zimbabwe,ZWE,2013,15004043
Zimbabwe,ZWE,2014,13403059
Zimbabwe,ZWE,2015,12516260
Zimbabwe,ZWE,2016,12019019
Zimbabwe,ZWE,2017,11289663
Zimbabwe,ZWE,2018,10297159
Zimbabwe,ZWE,2019,9544353
Zimbabwe,ZWE,2020,8935946
